{"stats":{"minecraft:custom":{"minecraft:time_since_rest":27614,"minecraft:crouch_one_cm":194,"minecraft:play_time":27614,"minecraft:sprint_one_cm":57,"minecraft:walk_one_cm":18377,"minecraft:sneak_time":1211,"minecraft:jump":24,"minecraft:leave_game":1,"minecraft:time_since_death":27614,"minecraft:total_world_time":27614,"minecraft:fly_one_cm":109612},"minecraft:used":{"pixelmon:magenta_pc":2,"mcwbridges:mossy_stone_bridge_pier":2,"mcwbridges:stone_bridge_pier":187,"mcwbridges:oak_rail_bridge":3,"minecraft:grass_block":42,"mcwbridges:acacia_log_bridge_middle":21,"minecraft:packed_mud":31,"mcwbridges:cobblestone_bridge":17,"mcwbridges:deepslate_brick_bridge_pier":2,"mcwbridges:acacia_bridge_pier":71,"mcwbridges:rope_acacia_bridge":22,"mcwbridges:deepslate_tile_bridge_pier":2,"mcwbridges:acacia_rope_bridge_stair":12,"biomeswevegone:ironwood_stairs":3}},"DataVersion":3465}