{"stats":{"minecraft:custom":{"minecraft:time_since_rest":39614,"minecraft:crouch_one_cm":248,"minecraft:play_time":39614,"minecraft:sprint_one_cm":5312,"minecraft:walk_one_cm":34858,"minecraft:sneak_time":1434,"minecraft:jump":33,"minecraft:leave_game":1,"minecraft:time_since_death":39614,"minecraft:total_world_time":39614,"minecraft:fly_one_cm":125684},"minecraft:picked_up":{"redeco:deepslate_lantern":1},"minecraft:used":{"redeco:deepslate_lantern":2,"biomeswevegone:firecracker_flower_bush":1,"pixelmon:magenta_pc":2,"biomeswevegone:skyris_sapling":2,"mcwbridges:mossy_stone_bridge_pier":2,"mcwbridges:stone_bridge_pier":187,"redeco:stone_lantern":4,"pixelmon:tree":2,"mcwbridges:acacia_rail_bridge":5,"mcwbridges:oak_rail_bridge":3,"minecraft:grass_block":47,"mcwbridges:acacia_log_bridge_middle":31,"redeco:polished_acacia_stairs":1,"minecraft:packed_mud":31,"mcwbridges:cobblestone_bridge":17,"mcwbridges:glass_bridge":70,"mcwbridges:deepslate_brick_bridge_pier":2,"mcwbridges:acacia_bridge_pier":71,"mcwbridges:rope_acacia_bridge":22,"mcwbridges:deepslate_tile_bridge_pier":2,"redeco:acacia_pedestal":3,"minecraft:bone_meal":8,"mcwbridges:acacia_rope_bridge_stair":15,"biomeswevegone:ironwood_stairs":3}},"DataVersion":3465}