{"stats":{"minecraft:custom":{"minecraft:jump":5,"minecraft:time_since_rest":15614,"minecraft:crouch_one_cm":37,"minecraft:sprint_one_cm":57,"minecraft:leave_game":1,"minecraft:play_time":15614,"minecraft:time_since_death":15614,"minecraft:walk_one_cm":8350,"minecraft:sneak_time":456,"minecraft:total_world_time":15614,"minecraft:fly_one_cm":76566},"minecraft:used":{"minecraft:packed_mud":30,"pixelmon:magenta_pc":2,"biomeswevegone:ironwood_stairs":3,"minecraft:grass_block":37}},"DataVersion":3465}