{"stats":{"minecraft:picked_up":{"minecraft:wheat_seeds":4,"redeco:deepslate_lantern":1},"minecraft:custom":{"minecraft:time_since_rest":151101,"minecraft:sprint_one_cm":80282,"minecraft:walk_one_cm":141285,"minecraft:fly_one_cm":369469,"minecraft:crouch_one_cm":2603,"minecraft:play_time":151101,"minecraft:sneak_time":5135,"minecraft:jump":132,"minecraft:leave_game":3,"minecraft:walk_on_water_one_cm":1000,"minecraft:time_since_death":151101,"minecraft:climb_one_cm":68,"minecraft:total_world_time":151101},"minecraft:used":{"chipped:overlapping_packed_mud_tiles":78,"handcrafted:bricks_pillar_trim":13,"chipped:wither_engraved_glowstone":4,"redeco:polished_jungle_stairs":2,"redeco:deepslate_lantern":2,"handcrafted:hammer":19,"minecraft:water_bucket":1,"chipped:purple_paper_lantern":1,"chipped:botanist_workbench":1,"refurbished_furniture:acacia_lattice_fence":32,"minecraft:dirt_path":29,"chipped:tinkering_table":1,"mcwbridges:stone_bridge_pier":199,"pixelmon:tree":2,"mcwbridges:acacia_rail_bridge":5,"handcrafted:granite_pillar_trim":6,"mcwbridges:oak_rail_bridge":3,"redeco:amethyst_light_bulb":6,"mcwbridges:acacia_log_bridge_middle":34,"minecraft:grass_block":51,"redeco:acacia_plank_fence":254,"handcrafted:granite_corner_trim":9,"chipped:red_paper_lantern":1,"minecraft:packed_mud":103,"chipped:donut_lantern":5,"chipped:green_paper_lantern":1,"mcwbridges:glass_bridge":117,"chipped:brick_bordered_dripstone_block":4,"chipped:iron_bowl_lantern":1,"redeco:mud_brick_stepping_stones":8,"mcwbridges:deepslate_tile_bridge_pier":2,"redeco:acacia_pedestal":10,"chipped:wide_lantern":3,"mcwbridges:acacia_rope_bridge_stair":136,"chipped:cracked_flat_lodestone_tiles":13,"biomeswevegone:firecracker_flower_bush":1,"pixelmon:magenta_pc":2,"chipped:checkered_iron_lantern":14,"minecraft:dirt":2,"chipped:burning_coal_lantern":56,"biomeswevegone:skyris_sapling":2,"easy_npc:humanoid_slim_spawn_egg":1,"mcwbridges:mossy_stone_bridge_pier":2,"another_furniture:acacia_shelf":11,"redeco:stone_lantern":4,"chipped:mason_table":1,"chipped:tall_lantern":1,"redeco:polished_acacia_stairs":4,"minecraft:chain":17,"chipped:white_paper_lantern":1,"mcwbridges:cobblestone_bridge":17,"redeco:acacia_lattice":4,"mcwbridges:rope_acacia_bridge":22,"mcwbridges:deepslate_brick_bridge_pier":2,"mcwbridges:acacia_bridge_pier":71,"refurbished_furniture:granite_stepping_stones":24,"minecraft:mud_brick_stairs":150,"mcwbridges:bridge_lantern":1,"minecraft:bone_meal":8,"biomeswevegone:ironwood_stairs":3}},"DataVersion":3465}