{"stats":{"minecraft:picked_up":{"minecraft:wheat_seeds":4,"redeco:deepslate_lantern":1},"minecraft:custom":{"minecraft:time_since_rest":115101,"minecraft:sprint_one_cm":54420,"minecraft:walk_one_cm":98447,"minecraft:fly_one_cm":296461,"minecraft:crouch_one_cm":1329,"minecraft:play_time":115101,"minecraft:sneak_time":3858,"minecraft:jump":96,"minecraft:leave_game":3,"minecraft:walk_on_water_one_cm":1000,"minecraft:time_since_death":115101,"minecraft:climb_one_cm":68,"minecraft:total_world_time":115101},"minecraft:used":{"chipped:overlapping_packed_mud_tiles":78,"chipped:wither_engraved_glowstone":1,"redeco:polished_jungle_stairs":2,"redeco:deepslate_lantern":2,"minecraft:water_bucket":1,"chipped:purple_paper_lantern":1,"chipped:botanist_workbench":1,"minecraft:dirt_path":26,"chipped:tinkering_table":1,"mcwbridges:stone_bridge_pier":199,"pixelmon:tree":2,"mcwbridges:acacia_rail_bridge":5,"handcrafted:granite_pillar_trim":6,"mcwbridges:oak_rail_bridge":3,"mcwbridges:acacia_log_bridge_middle":34,"minecraft:grass_block":51,"redeco:acacia_plank_fence":200,"handcrafted:granite_corner_trim":9,"chipped:red_paper_lantern":1,"minecraft:packed_mud":102,"chipped:donut_lantern":3,"chipped:green_paper_lantern":1,"mcwbridges:glass_bridge":117,"chipped:brick_bordered_dripstone_block":4,"chipped:iron_bowl_lantern":1,"mcwbridges:deepslate_tile_bridge_pier":2,"redeco:acacia_pedestal":5,"chipped:wide_lantern":1,"mcwbridges:acacia_rope_bridge_stair":136,"chipped:cracked_flat_lodestone_tiles":13,"biomeswevegone:firecracker_flower_bush":1,"pixelmon:magenta_pc":2,"minecraft:dirt":2,"chipped:burning_coal_lantern":52,"biomeswevegone:skyris_sapling":2,"mcwbridges:mossy_stone_bridge_pier":2,"another_furniture:acacia_shelf":11,"redeco:stone_lantern":4,"chipped:mason_table":1,"redeco:polished_acacia_stairs":4,"chipped:white_paper_lantern":1,"mcwbridges:cobblestone_bridge":17,"redeco:acacia_lattice":4,"mcwbridges:rope_acacia_bridge":22,"mcwbridges:deepslate_brick_bridge_pier":2,"mcwbridges:acacia_bridge_pier":71,"refurbished_furniture:granite_stepping_stones":24,"minecraft:mud_brick_stairs":150,"mcwbridges:bridge_lantern":1,"minecraft:bone_meal":8,"biomeswevegone:ironwood_stairs":3}},"DataVersion":3465}