{"stats":{"minecraft:picked_up":{"redeco:deepslate_lantern":1},"minecraft:custom":{"minecraft:time_since_rest":56508,"minecraft:crouch_one_cm":477,"minecraft:sprint_one_cm":14042,"minecraft:play_time":56508,"minecraft:walk_one_cm":46006,"minecraft:sneak_time":2000,"minecraft:jump":47,"minecraft:leave_game":2,"minecraft:time_since_death":56508,"minecraft:climb_one_cm":68,"minecraft:total_world_time":56508,"minecraft:fly_one_cm":165276},"minecraft:used":{"redeco:deepslate_lantern":2,"biomeswevegone:firecracker_flower_bush":1,"pixelmon:magenta_pc":2,"biomeswevegone:skyris_sapling":2,"mcwbridges:mossy_stone_bridge_pier":2,"mcwbridges:stone_bridge_pier":199,"redeco:stone_lantern":4,"pixelmon:tree":2,"mcwbridges:acacia_rail_bridge":5,"mcwbridges:oak_rail_bridge":3,"redeco:acacia_plank_fence":3,"minecraft:grass_block":47,"mcwbridges:acacia_log_bridge_middle":34,"redeco:polished_acacia_stairs":2,"minecraft:packed_mud":31,"mcwbridges:cobblestone_bridge":17,"chipped:brick_bordered_dripstone_block":4,"mcwbridges:rope_acacia_bridge":22,"redeco:acacia_lattice":4,"mcwbridges:glass_bridge":117,"mcwbridges:deepslate_brick_bridge_pier":2,"mcwbridges:acacia_bridge_pier":71,"mcwbridges:deepslate_tile_bridge_pier":2,"redeco:acacia_pedestal":3,"minecraft:bone_meal":8,"mcwbridges:acacia_rope_bridge_stair":42,"biomeswevegone:ironwood_stairs":3}},"DataVersion":3465}