{"stats":{"minecraft:picked_up":{"redeco:deepslate_lantern":1},"minecraft:custom":{"minecraft:time_since_rest":72498,"minecraft:sprint_one_cm":17798,"minecraft:walk_one_cm":51156,"minecraft:fly_one_cm":173589,"minecraft:crouch_one_cm":937,"minecraft:play_time":72498,"minecraft:sneak_time":2342,"minecraft:jump":50,"minecraft:leave_game":3,"minecraft:time_since_death":72498,"minecraft:total_world_time":72498,"minecraft:climb_one_cm":68},"minecraft:used":{"chipped:overlapping_packed_mud_tiles":4,"redeco:polished_jungle_stairs":2,"redeco:deepslate_lantern":2,"chipped:botanist_workbench":1,"chipped:tinkering_table":1,"mcwbridges:stone_bridge_pier":199,"pixelmon:tree":2,"mcwbridges:acacia_rail_bridge":5,"mcwbridges:oak_rail_bridge":3,"handcrafted:granite_pillar_trim":6,"mcwbridges:acacia_log_bridge_middle":34,"minecraft:grass_block":47,"redeco:acacia_plank_fence":30,"handcrafted:granite_corner_trim":9,"minecraft:packed_mud":31,"chipped:donut_lantern":3,"mcwbridges:glass_bridge":117,"chipped:iron_bowl_lantern":1,"chipped:brick_bordered_dripstone_block":4,"mcwbridges:deepslate_tile_bridge_pier":2,"redeco:acacia_pedestal":3,"chipped:wide_lantern":1,"mcwbridges:acacia_rope_bridge_stair":43,"biomeswevegone:firecracker_flower_bush":1,"pixelmon:magenta_pc":2,"biomeswevegone:skyris_sapling":2,"mcwbridges:mossy_stone_bridge_pier":2,"redeco:stone_lantern":4,"another_furniture:acacia_shelf":11,"chipped:mason_table":1,"redeco:polished_acacia_stairs":4,"mcwbridges:cobblestone_bridge":17,"redeco:acacia_lattice":4,"mcwbridges:acacia_bridge_pier":71,"mcwbridges:deepslate_brick_bridge_pier":2,"mcwbridges:rope_acacia_bridge":22,"mcwbridges:bridge_lantern":1,"minecraft:mud_brick_stairs":10,"minecraft:bone_meal":8,"biomeswevegone:ironwood_stairs":3}},"DataVersion":3465}